"country","Mean(Difference)"
"Mongolia",11.33076923076923
"Norway",6.007692307692307
"Russia",5.3
"Kazakhstan",4.076923076923077
"Finland",3.876923076923077
